Hillery,Matonin,2015-07-25,hmatonin0@woothemes.com,(662) 6839853
Dan,Trodler,2013-10-27,dtrodler1@youtu.be,(546) 8048152
Bogey,Fone,2008-06-16,bfone2@pcworld.com,(710) 2695555
Hadleigh,Burne,2006-02-26,hburne3@archive.org,(270) 5755429
Deeyn,Kirman,2015-09-15,dkirman4@sciencedirect.com,(702) 1711676
Donovan,Craiker,2014-10-08,dcraiker5@rakuten.co.jp,(399) 5117796
Vanessa,Swithenby,2016-02-28,vswithenby6@csmonitor.com,(853) 4601809
Ardisj,Minker,2003-09-03,aminker7@cargocollective.com,(338) 2104845
Urban,Feore,2003-08-14,ufeore8@dmoz.org,(839) 9618120
Hastings,Doumer,2014-03-08,hdoumer9@uol.com.br,(926) 5974175
Bax,McCaskell,2003-11-30,bmccaskella@jugem.jp,(544) 9633075
Maurita,Cratchley,2002-11-29,mcratchleyb@yellowbook.com,(193) 6695037
Maxine,Kerby,2007-08-24,mkerbyc@spotify.com,(487) 3233085
Suellen,Gillyatt,2003-01-13,sgillyattd@arstechnica.com,(288) 6382514
Evania,Swafford,2005-05-18,eswafforde@github.com,(787) 1989448
Ortensia,Lambertz,2006-03-08,olambertzf@joomla.org,(592) 2359130
Michel,Stearne,2017-06-05,mstearneg@phpbb.com,(253) 8411792
Milly,Faloon,2013-10-12,mfaloonh@auda.org.au,(113) 9782225
Cam,Matthesius,2016-12-17,cmatthesiusi@i2i.jp,(947) 4878358
Romain,Fishlee,2012-01-24,rfishleej@pagesperso-orange.fr,(431) 8984660
Tremain,Gresly,2015-11-08,tgreslyk@networkadvertising.org,(194) 8375096
Maxie,Berryman,2016-05-19,mberrymanl@oakley.com,(185) 7696494
Sheffield,Simkovitz,2007-09-19,ssimkovitzm@vinaora.com,(713) 3767020
Elyn,Danilchev,2012-04-17,edanilchevn@freewebs.com,(509) 6997854
Mylo,Le feaver,2015-09-14,mlefeavero@cisco.com,(804) 5750862
Corbett,Bricknall,2017-01-15,cbricknallp@usda.gov,(584) 9754038
Baird,Hallet,2003-01-05,bhalletq@hibu.com,(424) 5597558
Sandi,Baff,2001-11-27,sbaffr@redcross.org,(530) 2191928
Nickey,Rathjen,2012-02-15,nrathjens@shareasale.com,(190) 8055139
Iain,Stopp,2006-10-06,istoppt@cam.ac.uk,(567) 2823232
Ferdy,Inglis,2005-06-23,finglisu@nsw.gov.au,(584) 4929556
Dal,Caccavari,2003-02-10,dcaccavariv@loc.gov,(899) 3254848
Diahann,Dorsett,2009-04-21,ddorsettw@nydailynews.com,(207) 4337482
Jeth,Dalyell,2003-11-05,jdalyellx@a8.net,(716) 8348654
Pooh,Hadingham,2014-06-16,phadinghamy@newsvine.com,(987) 7572997
Petronia,Jacquemet,2007-03-30,pjacquemetz@opera.com,(368) 7681636
Olvan,Oganian,2011-06-08,ooganian10@hatena.ne.jp,(984) 7819440
Alicia,Ketley,2001-07-07,aketley11@surveymonkey.com,(615) 1790882
Alejoa,Whybray,2013-05-05,awhybray12@elegantthemes.com,(486) 4531340
Andrea,Aveline,2009-07-18,aaveline13@netvibes.com,(323) 7049622
Tyler,Solway,2006-12-25,tsolway14@naver.com,(114) 3388828
Jana,Turville,2005-01-15,jturville15@weebly.com,(183) 7115631
Channa,Jimmes,2011-07-02,cjimmes16@usda.gov,(917) 7549939
Kathryne,Knoble,2014-01-08,kknoble17@dyndns.org,(834) 2032418
Juliane,Weben,2017-01-06,jweben18@mozilla.com,(507) 5477738
Crystal,Remirez,2010-03-20,cremirez19@vinaora.com,(443) 7618520
Christoforo,Cassey,2016-09-14,ccassey1a@lulu.com,(272) 2639884
Rochester,Kmiec,2018-05-18,rkmiec1b@amazonaws.com,(480) 5307696
Angeli,Fishley,2004-08-12,afishley1c@soundcloud.com,(880) 3135758
Kata,Linning,2005-08-24,klinning1d@theguardian.com,(414) 6155576
Ronny,Philippart,2011-05-31,rphilippart1e@facebook.com,(852) 1643769
Dehlia,Spearman,2011-03-17,dspearman1f@goo.gl,(361) 3035635
Tabbitha,Mansfield,2002-12-08,tmansfield1g@elegantthemes.com,(827) 5586330
Wilhelmina,Bickerton,2012-10-16,wbickerton1h@jiathis.com,(920) 8068698
Dewey,Commin,2017-07-13,dcommin1i@theguardian.com,(627) 3302590
Rikki,Corrett,2002-10-29,rcorrett1j@quantcast.com,(930) 1173138
Merwyn,Kellie,2015-02-10,mkellie1k@example.com,(435) 6790986
Brooks,Dennett,2018-02-05,bdennett1l@alibaba.com,(208) 7442725
Pate,Golsworthy,2008-05-22,pgolsworthy1m@patch.com,(940) 6931573
Bail,Cuttelar,2004-09-21,bcuttelar1n@php.net,(657) 3488584
Aldon,Sedge,2018-02-10,asedge1o@stumbleupon.com,(435) 4234932
Tyrus,Menier,2011-08-18,tmenier1p@bigcartel.com,(102) 7259673
Brigg,Pauncefort,2008-11-11,bpauncefort1q@businessinsider.com,(390) 6257726
Cob,Grzegorzewski,2009-04-17,cgrzegorzewski1r@senate.gov,(292) 3345033
Neel,Puleston,2017-10-08,npuleston1s@smugmug.com,(377) 1641816
Maximilien,Whyke,2018-05-24,mwhyke1t@biglobe.ne.jp,(757) 5687231
Queenie,Maccraw,2006-01-22,qmaccraw1u@diigo.com,(248) 4096948
Cherry,Bartlomiejczyk,2016-04-21,cbartlomiejczyk1v@earthlink.net,(200) 2606203
Arline,MacCaull,2017-04-18,amaccaull1w@ftc.gov,(157) 7293696
Fernando,Perrett,2006-06-11,fperrett1x@geocities.jp,(585) 5999289
Carolyn,Oolahan,2014-07-06,coolahan1y@ftc.gov,(461) 4347448
Valentine,Ferminger,2015-05-30,vferminger1z@google.com,(180) 2731916
Rebeka,Carsberg,2010-07-28,rcarsberg20@list-manage.com,(354) 4003386
Paulina,Matasov,2017-12-18,pmatasov21@smugmug.com,(332) 3823873
Leesa,Dacey,2018-03-10,ldacey22@people.com.cn,(430) 8454803
Bevan,Sawfoot,2005-07-03,bsawfoot23@va.gov,(772) 5832075
Hewett,Franses,2002-09-02,hfranses24@youtube.com,(312) 9091679
Josi,Peddie,2010-09-02,jpeddie25@qq.com,(973) 8452146
Toby,Newnham,2004-02-04,tnewnham26@mozilla.com,(957) 4062283
Valentino,Legon,2006-09-18,vlegon27@typepad.com,(452) 7972494
Templeton,Hearfield,2009-07-02,thearfield28@vinaora.com,(749) 3678046
Roslyn,Olohan,2014-12-03,rolohan29@google.com.au,(536) 5905808
Ker,Frogley,2006-12-26,kfrogley2a@blinklist.com,(863) 8737730
Rivy,Kneebone,2014-08-21,rkneebone2b@opera.com,(951) 3094623
Marina,Jery,2006-08-03,mjery2c@cnbc.com,(719) 8661553
Sherlocke,Dovydenas,2006-06-03,sdovydenas2d@trellian.com,(666) 5314805
Mahmud,Twidale,2003-10-12,mtwidale2e@nifty.com,(531) 6523116
Allister,Sighard,2002-08-28,asighard2f@livejournal.com,(688) 8323588
Rudolf,Beggin,2010-05-21,rbeggin2g@auda.org.au,(187) 4813003
Otto,Allison,2004-06-12,oallison2h@nba.com,(680) 5309932
Howey,Cardinal,2013-01-20,hcardinal2i@1688.com,(169) 1012644
Quinn,Cattini,2003-02-22,qcattini2j@google.it,(195) 2151506
Frank,Woltering,2012-01-25,fwoltering2k@walmart.com,(813) 2607037
Elijah,Geary,2014-01-15,egeary2l@diigo.com,(738) 7194281
Culley,Ledger,2008-12-06,cledger2m@epa.gov,(255) 7348262
Krysta,Gasken,2017-03-13,kgasken2n@wsj.com,(652) 1886110
Brander,Janous,2012-02-21,bjanous2o@paypal.com,(797) 8565180
Vin,Cameron,2005-10-22,vcameron2p@exblog.jp,(706) 1287848
Dur,O'Farrell,2014-08-29,dofarrell2q@mayoclinic.com,(313) 4779524
Kendricks,Jacqueme,2018-01-10,kjacqueme2r@feedburner.com,(227) 1669478
Vanya,Cammocke,2009-09-19,vcammocke2s@soup.io,(967) 9242730
Celie,Korpal,2011-05-19,ckorpal2t@feedburner.com,(771) 5029564
Ruthanne,Sneesbie,2006-02-08,rsneesbie2u@digg.com,(533) 4296314
North,Eilers,2015-03-24,neilers2v@cornell.edu,(422) 8088303
Shanon,Binley,2016-12-18,sbinley2w@yelp.com,(579) 9388412
Arlena,Winspur,2006-10-01,awinspur2x@vk.com,(491) 6951844
Jasmina,Wayland,2009-02-21,jwayland2y@wordpress.com,(190) 5948186
Teresina,Walkden,2004-12-18,twalkden2z@ox.ac.uk,(731) 1611056
Hermie,Bengtsen,2015-02-01,hbengtsen30@mac.com,(665) 6220827
Perceval,Sworder,2015-05-29,psworder31@nydailynews.com,(160) 3971514
Atlante,Marton,2002-04-08,amarton32@phpbb.com,(515) 3094926
Matias,Goldberg,2013-07-20,mgoldberg33@sakura.ne.jp,(169) 3793173
Fionna,Lantoph,2018-02-24,flantoph34@opensource.org,(483) 2684004
Ewell,Lathee,2001-09-18,elathee35@forbes.com,(432) 1424754
Ravid,Lewcock,2009-07-02,rlewcock36@rambler.ru,(278) 3876227
Laurent,Compfort,2005-04-19,lcompfort37@webs.com,(880) 9335706
Steffane,Kemwall,2002-04-20,skemwall38@howstuffworks.com,(577) 4951470
Otis,Flea,2011-12-27,oflea39@msn.com,(277) 8799126
Lea,Aldersey,2004-12-11,laldersey3a@rakuten.co.jp,(160) 4015388
Melloney,Balls,2009-03-24,mballs3b@msn.com,(597) 5561937
Lela,Scollick,2002-10-24,lscollick3c@jigsy.com,(308) 2884681
Elsworth,Barrowcliff,2015-10-05,ebarrowcliff3d@webmd.com,(931) 4076045
Sully,Hawksworth,2013-01-16,shawksworth3e@cbc.ca,(953) 5232107
Keenan,Marle,2008-12-28,kmarle3f@si.edu,(965) 3147796
Rozanne,Boswell,2015-04-24,rboswell3g@sphinn.com,(513) 8177299
Kettie,Adderson,2013-11-15,kadderson3h@dmoz.org,(132) 6834363
Bernard,Lindmark,2011-01-05,blindmark3i@state.tx.us,(166) 6190616
Max,Trolley,2009-05-05,mtrolley3j@army.mil,(430) 9859706
Thatch,Overill,2007-07-08,toverill3k@globo.com,(395) 8254362
Winne,McNeely,2015-03-22,wmcneely3l@independent.co.uk,(994) 1462184
Zeke,Titmuss,2017-05-19,ztitmuss3m@cargocollective.com,(980) 1607745
Nils,Biskupski,2006-09-24,nbiskupski3n@reddit.com,(434) 9560989
Dulci,Callway,2014-11-10,dcallway3o@yahoo.co.jp,(764) 9790452
Layton,Lippett,2006-07-05,llippett3p@auda.org.au,(542) 7617465
Lona,Avard,2004-08-02,lavard3q@shinystat.com,(994) 1683792
Lisette,Ivory,2017-12-30,livory3r@cbsnews.com,(691) 5845817
Mickey,Crothers,2007-01-19,mcrothers3s@un.org,(410) 3413248
Welch,Dissman,2016-12-05,wdissman3t@bizjournals.com,(715) 2494777
Eberto,Wallace,2010-06-15,ewallace3u@harvard.edu,(111) 1909459
Laughton,Duesberry,2010-04-19,lduesberry3v@blogspot.com,(481) 6330483
Mallory,Chittock,2008-09-05,mchittock3w@joomla.org,(505) 4782223
Hunfredo,Insull,2002-09-29,hinsull3x@reverbnation.com,(765) 7426879
Preston,Regelous,2006-09-22,pregelous3y@ocn.ne.jp,(267) 7000184
Linette,Gurden,2004-04-13,lgurden3z@1688.com,(508) 8513098
Alexa,Androsik,2016-02-16,aandrosik40@marketwatch.com,(419) 6030610
Emiline,Dargan,2003-07-09,edargan41@blog.com,(226) 7951673
Rachele,Steddall,2016-05-15,rsteddall42@hibu.com,(596) 7725638
Dilly,Dawidowitsch,2017-11-01,ddawidowitsch43@mozilla.com,(877) 3519394
Xylia,Di Giorgio,2015-05-18,xdigiorgio44@ebay.co.uk,(472) 8173868
Chaddy,Gerhold,2002-07-16,cgerhold45@bandcamp.com,(715) 7139441
D'arcy,Dartnall,2001-11-28,ddartnall46@taobao.com,(599) 2737248
Sloan,Bobasch,2008-01-19,sbobasch47@ox.ac.uk,(752) 3205207
Byrom,Torbett,2008-03-10,btorbett48@cbc.ca,(737) 7208001
Berni,Skedge,2004-08-04,bskedge49@usnews.com,(662) 4487574
Sephira,Samples,2006-03-19,ssamples4a@buzzfeed.com,(258) 8422915
Debera,Burdus,2006-11-03,dburdus4b@npr.org,(290) 6507863
Emmye,Bellay,2007-02-22,ebellay4c@archive.org,(558) 7697756
Laura,Kaasmann,2017-05-30,lkaasmann4d@bbb.org,(751) 4026014
Berta,Rochester,2001-09-05,brochester4e@blinklist.com,(150) 2674131
Edgar,Hincham,2001-11-06,ehincham4f@vinaora.com,(329) 5473421
Faina,Thomelin,2018-04-05,fthomelin4g@seattletimes.com,(776) 9840878
Bord,Harrisson,2005-11-13,bharrisson4h@alibaba.com,(746) 5199329
Amye,Sloley,2001-09-13,asloley4i@histats.com,(486) 8253924
Spense,Yearnes,2014-03-13,syearnes4j@seattletimes.com,(676) 7868037
Merla,Roscher,2001-09-21,mroscher4k@who.int,(358) 5682297
Algernon,Norway,2014-04-10,anorway4l@google.ru,(826) 7882100
Ofelia,Lathe,2010-09-10,olathe4m@altervista.org,(232) 1037162
Dacey,Cammock,2002-08-29,dcammock4n@altervista.org,(115) 9296833
Davey,Strasse,2013-07-02,dstrasse4o@studiopress.com,(942) 3121869
Thea,Bassano,2010-03-31,tbassano4p@usnews.com,(111) 7845253
Delilah,MacElharge,2007-11-19,dmacelharge4q@wired.com,(398) 6116731
Drucill,Millwater,2008-08-17,dmillwater4r@hud.gov,(859) 5664177
Curtice,Hariot,2005-07-07,chariot4s@unicef.org,(282) 9949504
Mellie,Levane,2014-04-09,mlevane4t@epa.gov,(364) 5175816
Armin,Gilstin,2011-07-14,agilstin4u@apache.org,(793) 9120268
Bobby,Reddle,2013-12-03,breddle4v@vkontakte.ru,(981) 7690910
Saul,Fidilis,2007-07-05,sfidilis4w@youtube.com,(212) 7197599
Innis,Mangenot,2008-12-24,imangenot4x@addtoany.com,(836) 3094297
Melinde,Christofides,2006-04-29,mchristofides4y@simplemachines.org,(225) 6539832
Nance,Iori,2003-08-13,niori4z@rakuten.co.jp,(500) 9439727
Fabien,Rolstone,2007-08-21,frolstone50@rakuten.co.jp,(508) 4171835
Burl,Kermitt,2011-06-02,bkermitt51@aol.com,(636) 2895741
Phillis,Enser,2003-10-30,penser52@goo.gl,(585) 2119349
Demetria,Matisse,2007-06-11,dmatisse53@phoca.cz,(989) 9532851
Kingsly,Elsmere,2015-05-27,kelsmere54@howstuffworks.com,(613) 4060785
Dexter,Talby,2015-07-30,dtalby55@geocities.jp,(544) 4346140
Darleen,Pirot,2014-02-02,dpirot56@etsy.com,(552) 7734141
Patrizio,Renner,2011-09-14,prenner57@china.com.cn,(484) 6659058
Gabi,L'Episcopio,2011-05-03,glepiscopio58@boston.com,(278) 5573687
Cherri,McCumskay,2002-06-14,cmccumskay59@angelfire.com,(565) 1769315
Blinni,O'Corrigane,2014-07-30,bocorrigane5a@ucoz.ru,(445) 3267077
Verge,Basler,2004-12-09,vbasler5b@myspace.com,(721) 2071693
Clywd,Besnard,2017-12-09,cbesnard5c@about.com,(368) 3248773
Janine,Clousley,2016-04-01,jclousley5d@sina.com.cn,(632) 7255614
Fletcher,Terzo,2003-04-10,fterzo5e@youku.com,(912) 5314441
Teodor,Jeandot,2014-07-25,tjeandot5f@army.mil,(334) 7162938
Naomi,Bunker,2016-04-13,nbunker5g@irs.gov,(624) 6026268
Bran,Myrie,2009-12-30,bmyrie5h@fotki.com,(633) 9836767
Evelin,Permain,2001-06-20,epermain5i@amazon.com,(945) 5101007
Sherry,Ison,2011-11-02,sison5j@hubpages.com,(414) 2427005
